smiles,scaffold,core,mode,ip,ea,mu,eta,omega,homo,lumo,gap,e_total,status,deviation
CC1(C)C(=O)C=CC2(C)C1=C(O)C(=O)C1(C)C2CCC2(C)C(c3ccoc3)CC3OC321,O=C1C=CC2C(=CC(=O)C3C2CCC2C(c4ccoc4)CC4OC423)C1,"1,2-naphthoquinone",sp,5.9981,2.489,-4.2435,1.7546,5.1317,-10.4929,-8.03,2.463,-91.576435329433,ok,0.2118
CC(=O)OC1CC2(C)C(c3ccoc3)CC3OC32C2(C)C(=O)C(O)=C3C(C)(C)C(=O)C=CC3(C)C12,O=C1C=CC2C(=CC(=O)C3C2CCC2C(c4ccoc4)CC4OC423)C1,"1,2-naphthoquinone",sp,6.0343,2.5909,-4.3126,1.7217,5.4012,-10.5219,-8.1647,2.3572,-105.021335237305,ok,0.2099
CNC1=C(N2CC2)C(=O)C(NC)=C(N2CC2)C1=O,O=C1C=C(N2CC2)C(=O)C=C1N1CC1,"1,4-benzoquinone",sp,5.4897,2.7132,-4.1014,1.3882,6.0587,-9.8172,-8.346,1.4712,-53.849942610403,ok,0.2236
C=C1CCC(=O)C(C)(C)C1CCc1ccc2c(c1)C(=O)C=CC2=O,C=C1CCC(=O)CC1CCc1ccc2c(c1)C(=O)C=CC2=O,"1,4-naphthoquinone",sp,6.2095,3.7711,-4.9903,1.2192,10.2129,-10.6309,-9.3794,1.2516,-68.671530703572,ok,0.2166
CC1CC(=O)c2c(cc3c(c2O)C(=O)c2ccc(Cl)c(O)c2C3=O)C1O,O=C1CCCc2cc3c(cc21)C(=O)c1ccccc1C3=O,anthraquinone,sp,6.4056,4.0424,-5.224,1.1816,11.548,-10.8263,-9.4112,1.4151,-76.63484288813,ok,0.2087
CCC1CC(=O)c2c(cc(O)c3c2C(=O)c2cccc(OC4CC(NC(C)=O)C(O)C(C)O4)c2C3=O)C1,O=C1c2ccc3c(c2C(=O)c2cccc(OC4CCCCO4)c21)C(=O)CCC3,anthraquinone,sp,6.2413,3.7056,-4.9734,1.2678,9.7548,-10.8081,-9.1729,1.6352,-110.59198803957,ok,0.2359
CC12CCCC3(COC1=O)C1=C(C=CC23)C(O)=CC(=O)C1=O,O=C1C=CC2=C(C1=O)C13CCCC(C(=O)OC1)C3C=C2,"1,2-benzoquinone",sp,6.4544,4.0764,-5.2654,1.189,11.6587,-10.8795,-9.7216,1.1579,-65.215496031922,ok,0.2312
CC1(O)CC(=O)c2c(cc(O)c3c2C(=O)c2cccc(O)c2C3=O)C1,O=C1c2ccccc2C(=O)c2c1ccc1c2C(=O)CCC1,"1,4-benzoquinone",sp,6.6052,3.7698,-5.1875,1.4177,9.4908,-11.051,-9.2157,1.8354,-72.58377163144,ok,0.2232
CCOC(=O)NC1=C(N2CC2)C(=O)C(NC(=O)OCC)=C(N2CC2)C1=O,O=C1C=C(N2CC2)C(=O)C=C1N1CC1,"1,4-benzoquinone",sp,6.2399,3.5526,-4.8963,1.3436,8.9209,-10.4486,-9.1615,1.287,-80.84921155931,ok,0.2146
CC1CC(=O)c2c(ccc3c2C(=O)c2cccc(O)c2C3=O)C1,O=C1c2ccccc2C(=O)c2c1ccc1c2C(=O)CCC1,"1,4-benzoquinone",sp,6.5306,3.6345,-5.0825,1.448,8.9197,-10.9464,-9.0992,1.8472,-64.42844478356,ok,0.2367
CC1(O)CC(=O)c2c(ccc3c2C(=O)c2cccc(O)c2C3=O)C1,O=C1c2ccccc2C(=O)c2c1ccc1c2C(=O)CCC1,"1,4-benzoquinone",sp,6.4736,3.635,-5.0543,1.4193,8.9995,-10.9413,-9.0993,1.842,-68.495192048026,ok,0.2311
CC1CC(=O)C(O)C2(O1)OC1CC(=O)OC1C1=C2C(=O)c2c(O)cccc2C1=O,O=C1CCOC2(C1)OC1CC(=O)OC1C1=C2C(=O)c2ccccc2C1=O,"1,4-benzoquinone",sp,6.7866,4.2468,-5.5167,1.2699,11.9828,-11.2465,-9.7989,1.4476,-87.942061387822,ok,0.2331
COC(=O)C1c2cc3c(c(O)c2C(=O)CC1(C)O)C(=O)c1c(O)cccc1C3=O,O=C1CCCc2cc3c(cc21)C(=O)c1ccccc1C3=O,"1,4-benzoquinone",sp,6.5795,3.9665,-5.273,1.3065,10.6408,-10.9864,-9.3746,1.6118,-86.037489702074,ok,0.2029
COC1C(OC2CC(C)(O)C(=O)c3cc4c(c(O)c32)C(=O)c2c(O)cccc2C4=O)OC(C)C(O)C1O,O=C1c2ccccc2C(=O)c2cc3c(cc21)C(=O)CCC3OC1CCCCO1,"1,4-benzoquinone",sp,6.3785,4.0747,-5.2266,1.1519,11.8575,-10.9382,-9.4517,1.4865,-114.057275154142,ok,0.2001
O=C1C(N2CC2)=C(N2CC2)C(=O)C(N2CC2)=C1N1CC1,O=C1C(N2CC2)=C(N2CC2)C(=O)C(N2CC2)=C1N1CC1,"1,4-benzoquinone",sp,5.7826,3.3971,-4.5899,1.1928,8.8312,-10.1496,-9.0607,1.0889,-58.11065466099,ok,0.2295
CC12CCCC3(C)c4cc5c(cc4C(=O)C(O)(OC1)C23)C(=O)C=CC5=O,O=C1C=CC(=O)c2cc3c(cc21)C(=O)C1OCC2CCCC3C21,"1,4-benzoquinone",sp,6.5225,4.086,-5.3042,1.2182,11.5473,-10.9847,-9.6359,1.3488,-75.843807842253,ok,0.2411
CCC1(O)CC(=O)c2c(cc(O)c3c2C(=O)c2cccc(O)c2C3=O)C1,O=C1c2ccccc2C(=O)c2c1ccc1c2C(=O)CCC1,"1,4-benzoquinone",sp,6.4433,3.7295,-5.0864,1.3569,9.5333,-10.908,-9.1766,1.7314,-75.746296691255,ok,0.2321
CC1CC(=O)c2c(ccc3c2C(=O)c2cccc(O)c2C3=O)C1O,O=C1c2ccccc2C(=O)c2c1ccc1c2C(=O)CCC1,"1,4-benzoquinone",sp,6.5158,3.7059,-5.1109,1.4049,9.296,-10.9891,-9.1689,1.8202,-68.489909859685,ok,0.2275
O=C1CCN(c2cc(Nc3ccc(C(=O)O)cc3)c3c4c(onc24)-c2ccccc2C3=O)CC1,O=C1CCN(c2cc(Nc3ccccc3)c3c4c(onc24)-c2ccccc2C3=O)CC1,"1,4-benzoquinone",sp,5.5704,3.1744,-4.3724,1.198,7.9791,-9.9604,-8.4837,1.4766,-94.785837547874,ok,0.2874
NCCCCC1NC(=O)C2(CSC3=C2C(=O)c2ccccc2C3=O)NC1=O,O=C1CNC(=O)C2(CSC3=C2C(=O)c2ccccc2C3=O)N1,"1,4-benzoquinone",sp,5.9398,3.9745,-4.9572,0.9827,12.5036,-9.8517,-9.4728,0.379,-79.003465070048,ok,0.2179
O=C1CNC(=O)C2(CSC3=C2C(=O)c2ccccc2C3=O)N1,O=C1CNC(=O)C2(CSC3=C2C(=O)c2ccccc2C3=O)N1,"1,4-benzoquinone",sp,6.5818,4.0002,-5.291,1.2908,10.8439,-10.8444,-9.4997,1.3447,-62.927562236979,ok,0.2014
NC(=O)CC1NC(=O)C2(CSC3=C2C(=O)c2ccccc2C3=O)NC1=O,O=C1CNC(=O)C2(CSC3=C2C(=O)c2ccccc2C3=O)N1,"1,4-benzoquinone",sp,6.4996,4.0367,-5.2682,1.2315,11.2686,-10.8917,-9.536,1.3557,-75.755074200113,ok,0.2138
CC(C)CC1NC(=O)C2(CSC3=C2C(=O)c2ccccc2C3=O)NC1=O,O=C1CNC(=O)C2(CSC3=C2C(=O)c2ccccc2C3=O)N1,"1,4-benzoquinone",sp,6.4981,4.0111,-5.2546,1.2435,11.1021,-10.8566,-9.5099,1.3467,-75.589296766398,ok,0.2019
O=C(O)CC1NC(=O)C2(CSC3=C2C(=O)c2ccccc2C3=O)NC1=O,O=C1CNC(=O)C2(CSC3=C2C(=O)c2ccccc2C3=O)N1,"1,4-benzoquinone",sp,6.579,4.0014,-5.2902,1.2888,10.8575,-10.857,-9.5009,1.3561,-76.387385757784,ok,0.2076
CC1NC(=O)C2(CSC3=C2C(=O)c2ccccc2C3=O)NC1=O,O=C1CNC(=O)C2(CSC3=C2C(=O)c2ccccc2C3=O)N1,"1,4-benzoquinone",sp,6.5625,4.0098,-5.2862,1.2763,10.9466,-10.857,-9.5093,1.3477,-66.094933791523,ok,0.2117
O=C1CN(CCCO)C(=O)C2(CSC3=C2C(=O)c2ccccc2C3=O)N1,O=C1CNC(=O)C2(CSC3=C2C(=O)c2ccccc2C3=O)N1,"1,4-benzoquinone",sp,6.3966,4.0061,-5.2013,1.1953,11.3173,-10.8426,-9.5047,1.3379,-76.49132673343,ok,0.201
O=C1CN(CCCS)C(=O)C2(CSC3=C2C(=O)c2ccccc2C3=O)N1,O=C1CNC(=O)C2(CSC3=C2C(=O)c2ccccc2C3=O)N1,"1,4-benzoquinone",sp,6.0205,4.0478,-5.0342,0.9864,12.8467,-10.0697,-9.5382,0.5315,-75.672772987265,ok,0.2033
CN(C)CCN1CC(=O)NC2(CSC3=C2C(=O)c2ccccc2C3=O)C1=O,O=C1CNC(=O)C2(CSC3=C2C(=O)c2ccccc2C3=O)N1,"1,4-benzoquinone",sp,5.8062,3.9714,-4.8888,0.9174,13.0261,-9.8233,-9.468,0.3553,-79.015701684417,ok,0.2151
CCN(CC)CCN1CC(=O)NC2(CSC3=C2C(=O)c2ccccc2C3=O)C1=O,O=C1CNC(=O)C2(CSC3=C2C(=O)c2ccccc2C3=O)N1,"1,4-benzoquinone",sp,5.7115,3.9795,-4.8455,0.866,13.5559,-9.658,-9.4433,0.2147,-85.337146681779,ok,0.2054
O=C1CN(CCN2CCCCC2)C(=O)C2(CSC3=C2C(=O)c2ccccc2C3=O)N1,O=C1CN(CCN2CCCCC2)C(=O)C2(CSC3=C2C(=O)c2ccccc2C3=O)N1,"1,4-benzoquinone",sp,5.4457,4.0085,-4.7271,0.7186,15.5479,-9.5832,-9.4198,0.1634,-87.495483158712,ok,0.2085
O=C1CN(CCO)C(=O)C2(CSC3=C2C(=O)c2ccccc2C3=O)N1,O=C1CNC(=O)C2(CSC3=C2C(=O)c2ccccc2C3=O)N1,"1,4-benzoquinone",sp,6.4525,4.0227,-5.2376,1.2149,11.29,-10.8655,-9.5209,1.3446,-73.321525072908,ok,0.2094
O=C1CN(CCS)C(=O)C2(CSC3=C2C(=O)c2ccccc2C3=O)N1,O=C1CNC(=O)C2(CSC3=C2C(=O)c2ccccc2C3=O)N1,"1,4-benzoquinone",sp,6.0887,4.0467,-5.0677,1.021,12.5767,-10.209,-9.5408,0.6683,-72.505024130315,ok,0.2078
NCCN1CC(=O)NC2(CSC3=C2C(=O)c2ccccc2C3=O)C1=O,O=C1CNC(=O)C2(CSC3=C2C(=O)c2ccccc2C3=O)N1,"1,4-benzoquinone",sp,6.0787,3.9926,-5.0357,1.0431,12.1556,-10.0007,-9.491,0.5097,-72.677290396652,ok,0.2107
NCCCN1CC(=O)NC2(CSC3=C2C(=O)c2ccccc2C3=O)C1=O,O=C1CNC(=O)C2(CSC3=C2C(=O)c2ccccc2C3=O)N1,"1,4-benzoquinone",sp,6.0293,3.9847,-5.007,1.0223,12.2616,-9.9845,-9.4838,0.5007,-75.844588635128,ok,0.21
O=C1CN(CCc2ncc[nH]2)C(=O)C2(CSC3=C2C(=O)c2ccccc2C3=O)N1,O=C1CN(CCc2ncc[nH]2)C(=O)C2(CSC3=C2C(=O)c2ccccc2C3=O)N1,"1,4-benzoquinone",sp,6.111,4.0244,-5.0677,1.0433,12.3079,-10.3269,-9.5222,0.8046,-82.568638029897,ok,0.2043
O=C1CN(CCCc2ncc[nH]2)C(=O)C2(CSC3=C2C(=O)c2ccccc2C3=O)N1,O=C1CN(CCCc2ncc[nH]2)C(=O)C2(CSC3=C2C(=O)c2ccccc2C3=O)N1,"1,4-benzoquinone",sp,6.0644,4.0692,-5.0668,0.9976,12.8671,-10.171,-9.5655,0.6055,-85.740626849065,ok,0.2063
CC1(C)C(=O)CCc2c1ccc1c2C(=O)C(=O)c2c(CO)coc2-1,O=C1CCc2c(ccc3c2C(=O)C(=O)c2ccoc2-3)C1,"1,2-benzoquinone",sp,6.2943,3.6979,-4.9961,1.2982,9.6137,-10.7262,-9.3293,1.3969,-69.491840417098,ok,0.2011
COC1=CC(C2c3cc4c(cc3C(=O)C3COC(=O)C32)OCO4)=CC(=O)C1=O,O=C1C=CC(C2c3cc4c(cc3C(=O)C3COC(=O)C32)OCO4)=CC1=O,"1,2-benzoquinone",sp,6.3297,4.2242,-5.2769,1.0528,13.2255,-10.73,-9.9837,0.7463,-82.800886589757,ok,0.2279
Cc1cccc2c3c(ccc12)-c1occ(CN2CCC(=O)CC2)c1C(=O)C3=O,O=C1CCN(Cc2coc3c2C(=O)C(=O)c2c-3ccc3ccccc23)CC1,"1,2-benzoquinone",sp,5.6136,3.7891,-4.7013,0.9123,12.1144,-9.6861,-9.3386,0.3475,-78.444727209707,ok,0.2927
CC(C)C1=C(O)C(C(=O)O)=C(C2(C)CCCC(C)(C)C2=O)C(=O)C1=O,O=C1C=CC=C(C2CCCCC2=O)C1=O,"1,2-benzoquinone",sp,6.3285,4.103,-5.2157,1.1128,12.2238,-10.7889,-9.7768,1.0121,-77.646685551161,ok,0.2623
CC12CCCC3(COC1=O)CC1=C(C=CC32)C(O)=CC(=O)C1=O,O=C1C=CC2=C(CC34CCCC(C(=O)OC3)C4C=C2)C1=O,"1,2-benzoquinone",sp,6.374,3.9046,-5.1393,1.2347,10.6959,-10.806,-9.5325,1.2735,-68.375862135614,ok,0.2242
CC(=O)OC1CC2C3(C)CCCC2(COC3=O)C2=C1C(O)=C(C(C)C)C(=O)C2=O,O=C1C=CC2=C(C1=O)C13CCCC(C(=O)OC1)C3CC2,"1,2-benzoquinone",sp,6.4854,4.0038,-5.2446,1.2408,11.0839,-10.9185,-9.7441,1.1745,-89.212986801961,ok,0.2287
CC1Cc2cc(O)c3c(c2C(=O)O1)C(=O)C(=O)C(C1=C(O)c2c(O)cc4c(c2C(=O)C1=O)C(=O)OC(C)C4)=C3O,O=C1C(=O)c2c(ccc3c2C(=O)OCC3)C=C1C1=Cc2ccc3c(c2C(=O)C1=O)C(=O)OCC3,"1,2-benzoquinone",sp,6.311,4.2375,-5.2743,1.0368,13.4158,-10.7215,-9.5757,1.1458,-118.315262078218,ok,0.2305
CC(=O)OC1CC(=O)C(C)C(C)(C=CC(C)=CCC2=C(O)C(Cl)=C(C)C(=O)C2=O)C1C,O=C1CCCC(C=CC=CCC2=CC=CC(=O)C2=O)C1,"1,2-benzoquinone",sp,5.8509,4.0624,-4.9566,0.8942,13.7369,-10.1469,-9.6949,0.452,-95.415079803826,ok,0.2111
CC(C=CC1(C)C(C)CCC(=O)C1C)=CCC1=C(O)C(Cl)=C(C)C(=O)C1=O,O=C1CCCC(C=CC=CCC2=CC=CC(=O)C2=O)C1,"1,2-benzoquinone",sp,5.7918,4.0849,-4.9383,0.8535,14.2875,-10.0342,-9.7138,0.3203,-81.967688584296,ok,0.2083
O=c1c(Br)c(Br)c2c3cccc4ccc5cc6ccccc6c(c2c1=O)c5c43,O=c1ccc2c3cccc4ccc5cc6ccccc6c(c2c1=O)c5c43,"1,2-benzoquinone",sp,5.8171,4.2765,-5.0468,0.7703,16.5326,-10.22,-9.7713,0.4487,-73.096705026367,ok,0.2225
CC(C)(C)C(=Cc1ccccc1)C1=C(C(C)(C)C)C(C(C)(C)C)=C(C(C)(C)C)C(=O)C1=O,O=C1C=CC=C(C=Cc2ccccc2)C1=O,"1,2-benzoquinone",sp,5.8623,2.9881,-4.4252,1.4371,6.8132,-10.2464,-8.6938,1.5526,-93.985876473983,ok,0.2675
O=C1C(=O)C2=C(N3C(=O)C4=C(CCCC4)C3=O)C(F)=C1C(F)(F)C2(F)F,O=C1C(=O)C2=C(N3C(=O)C4=C(CCCC4)C3=O)C=C1CC2,"1,2-benzoquinone",sp,7.1708,5.5568,-6.3638,0.807,25.0917,-11.6695,-11.0931,0.5764,-81.369018234063,ok,0.3307
NC(=O)Oc1sc2nc(C3=C4CCC(=C3)C(=O)C4=O)cc(C(F)(F)F)c2c1N,O=C1C(=O)C2=C(c3ccc4ccsc4n3)C=C1CC2,"1,2-benzoquinone",sp,5.5387,3.9189,-4.7288,0.8099,13.8051,-9.9185,-9.3207,0.5978,-84.129692538316,ok,0.3757
Cc1c(C)c(C)c2c(c1C)C(=O)C(=O)c1c(C)c(C)c(C)c(C)c1-2,O=C1C(=O)c2ccccc2-c2ccccc21,"1,2-benzoquinone",sp,5.7485,2.9047,-4.3266,1.4219,6.5826,-10.1679,-8.4547,1.7133,-67.781034929498,ok,0.2152
O=C1C(=O)c2c(Cl)c(Cl)c(Cl)c(Cl)c2-c2c(Cl)c(Cl)c(Cl)c(Cl)c21,O=C1C(=O)c2ccccc2-c2ccccc21,"1,2-benzoquinone",sp,6.7938,4.3468,-5.5703,1.2235,12.6801,-11.3847,-9.6612,1.7236,-74.839181173298,ok,0.2258
CC1(C)CCC(C)(C)C2=C(Cl)C(=O)C(=O)C(Cl)=C21,O=C1C=C2CCCCC2=CC1=O,"1,2-benzoquinone",sp,6.4026,4.0971,-5.2499,1.1527,11.9544,-10.874,-9.701,1.173,-55.664881391743,ok,0.2019
CC(C)(C)C1=C2OCCN(CCO)C2=C(C(C)(C)C)C(=O)C1=O,O=C1C=C2NCCOC2=CC1=O,"1,2-benzoquinone",sp,5.9994,3.2629,-4.6311,1.3682,7.8376,-10.3304,-8.9227,1.4077,-71.773212324382,ok,0.2001
O=C1CCN(C(=O)c2cc3c(o2)C(=O)c2ccccc2C3=O)CC1,O=C1CCN(C(=O)c2cc3c(o2)C(=O)c2ccccc2C3=O)CC1,"1,4-naphthoquinone",sp,6.4574,3.9507,-5.204,1.2533,10.8039,-10.8303,-9.4723,1.358,-68.760082673718,ok,0.2801
O=C1CCN(c2cc(Nc3cccc(F)c3)c3c4c(onc24)-c2ccccc2C3=O)CC1,O=C1CCN(c2cc(Nc3ccccc3)c3c4c(onc24)-c2ccccc2C3=O)CC1,"1,4-naphthoquinone",sp,5.7211,3.2983,-4.5097,1.2114,8.3942,-10.1341,-8.6552,1.479,-88.710690331269,ok,0.2282
CC1=CC(=O)C2=C(O)c3c(O)cccc3C34Oc5c(ccc6c5C(=O)c5c(O)cc(C)cc5C6=O)C23C1C(C)O4,O=C1C=CC2COC34Oc5c(ccc6c5C(=O)c5ccccc5C6=O)C23C1=Cc1ccccc14,"1,4-naphthoquinone",sp,6.1865,3.7044,-4.9455,1.241,9.8535,-10.6159,-9.1137,1.5021,-112.668867387939,ok,0.221
Cc1cc(O)c2c(c1)C(O)C13Cc4cc(O)c5c(c4C1C=CC(O)C3(O)C2=O)C(=O)c1c(O)ccc(O)c1C5=O,O=C1c2ccccc2C(=O)c2c1ccc1c2C2C=CCC3C(=O)c4ccccc4CC32C1,"1,4-naphthoquinone",sp,6.0072,3.6663,-4.8368,1.1704,9.9937,-10.6081,-9.0345,1.5735,-116.527076600611,ok,0.2157
CC12CCC(OC1=O)c1c2cc(O)c2c1C(=O)c1oc(CO)cc1C2=O,O=C1c2ccoc2C(=O)c2c1ccc1c2C2CCC1C(=O)O2,"1,4-naphthoquinone",sp,6.7832,3.9687,-5.3759,1.4072,10.2686,-11.2816,-9.4765,1.8051,-76.673299049053,ok,0.3413
CC1OC(OC23C(=O)C(O)C(C)(O)CC2(O)C=CC2=C3C(=O)c3cccc(O)c3C2=O)CCC1O,O=C1C2=C(C(=O)c3ccccc31)C1(OC3CCCCO3)C(=O)CCCC1C=C2,"1,4-naphthoquinone",sp,6.2125,3.8984,-5.0555,1.1571,11.0443,-10.689,-9.3706,1.3184,-107.776466875306,ok,0.2785
CCC1CC(=O)c2c(cc(O)c3c2C(=O)c2cccc(O)c2C3=O)C1,O=C1c2ccccc2C(=O)c2c1ccc1c2C(=O)CCC1,"1,4-naphthoquinone",sp,6.5046,3.7285,-5.1166,1.3881,9.4302,-10.9206,-9.1768,1.7437,-71.68037024652,ok,0.2372
CCC1CC(=O)c2c(cc(O)c3c2C(=O)c2cccc(OC)c2C3=O)C1,O=C1c2ccccc2C(=O)c2c1ccc1c2C(=O)CCC1,"1,4-naphthoquinone",sp,6.3794,3.5846,-4.982,1.3974,8.8809,-10.8334,-9.0408,1.7926,-74.822202396885,ok,0.2341
COc1c2c(c(O)c3c1C(OC(C)=O)Cc1cc4c(c(O)c1-3)C(=O)OC(C)C4)C(=O)c1cccc(O)c1C2=O,O=C1OCCc2cc3c(cc21)-c1cc2c(cc1CC3)C(=O)c1ccccc1C2=O,"1,4-naphthoquinone",sp,6.3079,3.932,-5.12,1.188,11.0332,-10.8085,-9.3319,1.4767,-114.409274675311,ok,0.2025
COc1c2c(c(O)c3c1C(O)Cc1cc4c(c(O)c1-3)C(=O)OC(C)C4)C(=O)c1cccc(O)c1C2=O,O=C1OCCc2cc3c(cc21)-c1cc2c(cc1CC3)C(=O)c1ccccc1C2=O,"1,4-naphthoquinone",sp,6.299,3.9059,-5.1025,1.1966,10.8792,-10.8068,-9.3086,1.4982,-105.021876974721,ok,0.2016
O=c1c(=O)c2c3cc1c1c2ccc2cccc3c21,O=c1c(=O)c2c3cc1c1c2ccc2cccc3c21,"1,2-naphthoquinone",sp,5.918,4.3778,-5.1479,0.7701,17.2061,-10.1102,-10.0472,0.0631,-45.309238246409,ok,0.3621
O=C1CCC(C2=C(O)c3ccccc3C(=O)C2=O)CC1,O=C1CCC(C2=Cc3ccccc3C(=O)C2=O)CC1,"1,2-naphthoquinone",sp,6.2212,3.694,-4.9576,1.2636,9.7253,-10.6857,-9.3446,1.3411,-57.960339411193,ok,0.2869
CCCC=CC=CC1CC(O)C(O)C(=O)C1C=O,O=C1CCCCC1,"1,2-naphthoquinone",sp,6.0042,2.3027,-4.1535,1.8507,4.6606,-10.1189,-8.0854,2.0336,-56.64008121629,ok,0.2592
CC1(C(=O)O)CCC2(C)CCC3(C)C(=CC(=O)C4C5(C)CCC(O)C(C)(C)C5CCC43C)C2C1,O=C1C=C2C3CCCCC3CCC2C2CCC3CCCCC3C12,"1,2-naphthoquinone",sp,5.7939,1.6634,-3.7287,2.0652,3.3659,-10.2332,-7.3524,2.8808,-104.290998400963,ok,0.2357
Cc1cc(C)c2c(c1C)-c1c(C)c(C)cc(C)c1C(=O)C2=O,O=C1C(=O)c2ccccc2-c2ccccc21,"1,2-naphthoquinone",sp,5.9407,3.0417,-4.4912,1.4495,6.9579,-10.2911,-8.5876,1.7036,-61.460119018534,ok,0.2078
O=C1CCC2(CC1)CSC1=C(O2)c2ccccc2C(=O)C1=O,O=C1CCC2(CC1)CSC1=C(O2)c2ccccc2C(=O)C1=O,"1,2-naphthoquinone",sp,5.9601,3.8785,-4.9193,1.0408,11.6254,-10.1761,-9.479,0.6971,-63.36666628938,ok,0.3036
CC(C)C1(O)CC(=O)c2c(cc(O)c3c2C(=O)c2cccc(O)c2C3=O)C1,O=C1c2ccccc2C(=O)c2c1ccc1c2C(=O)CCC1,anthraquinone,sp,6.407,3.7348,-5.0709,1.3361,9.6228,-10.8727,-9.182,1.6907,-78.909120309986,ok,0.2312
CCC1CC(=O)c2c(cc(O)c3c2C(=O)c2cccc(OC4CC(N)C(O)C(C)O4)c2C3=O)C1,O=C1c2ccc3c(c2C(=O)c2cccc(OC4CCCCO4)c21)C(=O)CCC3,anthraquinone,sp,6.2024,3.6957,-4.949,1.2533,9.7711,-10.5143,-9.1588,1.3555,-101.198099002407,ok,0.2356
Cc1cc(O)c2c(c1)C(C13Cc4cc(O)c5c(c4C1C=CC(=O)C3O)C(=O)c1c(O)ccc(O)c1C5=O)OC2=O,O=C1C=CC2c3c(ccc4c3C(=O)c3ccccc3C4=O)CC2(C2OC(=O)c3ccccc32)C1,anthraquinone,sp,6.1547,3.6531,-4.9039,1.2508,9.6131,-10.67,-9.0279,1.6421,-115.493750248239,ok,0.2313
CC1CC(=O)c2c(cc(O)c3c2C(=O)c2cccc(OC4OC(C)C(O)C(O)C4O)c2C3=O)C1,O=C1c2ccc3c(c2C(=O)c2cccc(OC4CCCCO4)c21)C(=O)CCC3,anthraquinone,sp,6.4229,3.8856,-5.1543,1.2687,10.4703,-11.0019,-9.3488,1.6531,-102.744231657546,ok,0.2335
