smiles,scaffold,core,mode,ip,ea,mu,eta,omega,homo,lumo,gap,e_total,status
O=c1c2[nH]cc[nH]c2c(=O)c2c(=O)n(Cc3ccc4c(c3)OCO4)c(=O)c12,O=c1c2[nH]cc[nH]c2c(=O)c2c(=O)n(Cc3ccc4c(c3)OCO4)c(=O)c12,"1,4-benzoquinone",sp,5.4719,4.2955,-4.8837,0.5882,20.2742,-9.7682,-9.7676,0.0007,-77.672196214873,ok
CN(c1ccccc1)c1ccc2ccc3c(=O)c(=O)c(Cl)c4c(Cl)c(N(C)c5ccccc5)c1c2c43,O=c1cc2cc(Nc3ccccc3)c3c(Nc4ccccc4)ccc4ccc(c1=O)c2c43,"1,2-naphthoquinone",sp,5.1252,4.2273,-4.6762,0.449,24.3538,-9.623,-9.4731,0.1499,-97.84090842421,ok
N=c1ccc(=Nc2ccc(N)c3c(O)c4ccccc4c(O)c23)c2c(=O)c3ccccc3c(=O)c1=2,N=c1ccc(=Nc2cccc3cc4ccccc4cc23)c2c(=O)c3ccccc3c(=O)c1=2,"1,4-naphthoquinone",sp,4.9277,4.1517,-4.5397,0.388,26.5578,-9.4222,-9.3623,0.0598,-93.944018792852,ok
O=c1ccc2ccc3c(cc4c5ccc6ccccc6c5cc5c6cccc7cccc(c76)c3c45)c2c1=O,O=c1ccc2ccc3c(cc4c5ccc6ccccc6c5cc5c6cccc7cccc(c76)c3c45)c2c1=O,"1,2-naphthoquinone",sp,5.0739,3.9259,-4.4999,0.574,17.6386,-9.5775,-9.3107,0.2668,-94.72922636644,ok
CN1CCN(c2ccc(NC3=CC(=O)c4ncncc4C3=O)cc2)CC1,O=C1C(Nc2ccc(N3CCNCC3)cc2)=CC(=O)c2ncncc21,"1,4-benzoquinone",sp,5.0817,3.9043,-4.493,0.5887,17.1454,-9.5312,-9.254,0.2772,-73.435474262938,ok
CN1CCN(C(=O)c2cc3c(s2)C(=O)c2sc(C(=O)N4CCN(C)CC4)cc2C3=O)CC1,O=C1c2cc(C(=O)N3CCNCC3)sc2C(=O)c2sc(C(=O)N3CCNCC3)cc21,"1,4-benzoquinone",sp,5.2553,4.27,-4.7626,0.4927,23.0212,-9.7086,-9.5449,0.1636,-94.176960959082,ok
O=c1c(=O)c2c(O)c3c(=O)c(=O)c4c(ccc5[nH][nH][nH][nH]c54)c3cc2c2cccc(O)c12,O=c1c(=O)c2cc3c(=O)c(=O)c4c(ccc5[nH][nH][nH][nH]c54)c3cc2c2ccccc12,"1,2-naphthoquinone",sp,5.1714,4.0912,-4.6313,0.5401,19.8565,-9.4471,-9.3085,0.1386,-89.587351016593,ok
O=C1C=c2cc3cc4ccccc4cc3cc2=CC1=O,O=C1C=c2cc3cc4ccccc4cc3cc2=CC1=O,"1,2-benzoquinone",sp,5.549,4.3864,-4.9677,0.5813,21.2266,-9.9241,-9.7968,0.1272,-52.02633074597,ok
CCN1CCN(c2cc3c(cc2F)c(=O)c(C(=O)C=CC2=CC(=O)C(=O)C=C2)cn3C2CC2)CC1,O=C1C=CC(C=CC(=O)c2cn(C3CC3)c3cc(N4CCNCC4)ccc3c2=O)=CC1=O,"1,2-benzoquinone",sp,5.2755,4.2066,-4.741,0.5345,21.0287,-9.6845,-9.5745,0.11,-101.101735476508,ok
CCCCOC(=O)c1cc(=O)c(=O)c2oc3cc(N(C)C)ccc3[nH]c1=2,O=c1ccc2[nH]c3ccccc3oc=2c1=O,"1,2-benzoquinone",sp,5.2129,4.0923,-4.6526,0.5603,19.3171,-9.5726,-9.434,0.1386,-77.398181373887,ok
COC(=O)c1c(N2CCOCC2)c(=O)c(=O)c2oc3cc(N(C)C)ccc3[nH]c1=2,O=c1c(N2CCOCC2)cc2[nH]c3ccccc3oc=2c1=O,"1,2-benzoquinone",sp,5.139,4.005,-4.572,0.567,18.4331,-9.5743,-9.3824,0.1919,-87.022361717353,ok
CN(C)c1ccc(C(=CC2=CC(=O)C(=O)c3ccccc32)c2ccc(N(C)C)cc2)cc1,O=C1C=C(C=C(c2ccccc2)c2ccccc2)c2ccccc2C1=O,"1,2-benzoquinone",sp,4.8763,3.6779,-4.2771,0.5992,15.265,-9.3687,-9.134,0.2347,-87.452109297927,ok
O=C1C(=O)C(F)=c2cc3cc4cc5ccccc5cc4cc3cc2=C1F,O=C1C=c2cc3cc4cc5ccccc5cc4cc3cc2=CC1=O,"1,2-benzoquinone",sp,5.5967,4.7175,-5.1571,0.4396,30.2499,-10.0368,-9.9944,0.0425,-70.068711287387,ok
O=C1C=CC(=O)c2c(O)c(N3CCN(CCO)CC3)c(Cl)c(O)c21,O=C1C=CC(=O)c2cc(N3CCNCC3)ccc21,"1,4-benzoquinone",sp,5.2049,4.0837,-4.6443,0.5606,19.2379,-9.5683,-9.4121,0.1562,-73.995926642177,ok
N#CC(=CC1=CC(=O)C(=O)C([N+](=O)[O-])=C1)C1=CN(O)C=CN1,O=C1C=CC(C=CC2=CNC=CN2)=CC1=O,"1,2-benzoquinone",sp,5.1472,4.1613,-4.6542,0.4929,21.9718,-9.5418,-9.4374,0.1043,-64.00644914273,ok
N#Cc1cc2s[nH]c(-c3c(O)c4cc(F)cc(CCC5CC5)c4[nH]c3=O)nc=2c(=O)c1=O,O=c1[nH]c2c(CCC3CC3)cccc2cc1-c1nc2c(=O)c(=O)ccc=2s[nH]1,"1,2-benzoquinone",sp,5.7334,4.5422,-5.1378,0.5956,22.16,-10.0393,-9.9415,0.0978,-90.966480597159,ok
CC=CC=Cc1cc2cc3c(c(O)c2c(=O)[nH]1)C1(CC3)C(O)=c2c(=O)c3c(=O)cc(OC)c(=O)c=3c(=O)c2=C1O,O=c1ccc(=O)c2c(=O)c3c(c(=O)c1=2)=CC1(C=3)CCc2cc3cc[nH]c(=O)c3cc21,"1,4-benzoquinone",sp,5.7007,4.5595,-5.1301,0.5706,23.0616,-10.1446,-9.9608,0.1838,-114.801825402724,ok
COC1=C(C)C(=O)C2=C(C1=O)C1C3CC4=C(C(=O)C(OC)=C(C)C4=O)C(CNC(=O)C(C)=O)N3CC(C2)N1C,O=C1C=CC(=O)C2=C1CC1C3NC(CC4=C3C(=O)C=CC4=O)CN1C2,"1,4-benzoquinone",sp,5.3312,4.2676,-4.7994,0.5318,21.6569,-9.683,-9.5279,0.1551,-117.369263762387,ok
CN(C)c1ccc(N2C(=O)NC3(CSC4=C3C(=O)c3ncccc3C4=O)C2=O)cc1,O=C1C2=C(C(=O)c3ncccc31)C1(CS2)NC(=O)N(c2ccccc2)C1=O,"1,4-benzoquinone",sp,5.4233,4.2665,-4.8449,0.5784,20.2914,-9.7431,-9.6154,0.1277,-84.714468639757,ok
CN1CCN(C2=C(Cl)C(=O)C(c3cnc(N4CCCCC4)s3)=C(Cl)C2=O)CC1,O=C1C=C(N2CCNCC2)C(=O)C=C1c1cnc(N2CCCCC2)s1,"1,4-benzoquinone",sp,5.304,4.3944,-4.8492,0.4548,25.8517,-9.865,-9.6729,0.1921,-84.433378422599,ok
COc1ccc(Cn2c(=O)c3c(=O)c4[nH]cc[nH]c4c(=O)c3c2=O)cc1,O=c1c2[nH]cc[nH]c2c(=O)c2c(=O)n(Cc3ccccc3)c(=O)c12,"1,4-benzoquinone",sp,5.4928,4.2938,-4.8933,0.5995,19.9703,-9.7672,-9.7667,0.0005,-74.618042488177,ok
COc1ccc(Cn2c(=O)c3c(=O)c4[nH]cc[nH]c4c(=O)c3c2=O)c(OC)c1,O=c1c2[nH]cc[nH]c2c(=O)c2c(=O)n(Cc3ccccc3)c(=O)c12,"1,4-benzoquinone",sp,5.4835,4.2901,-4.8868,0.5967,20.0107,-9.7637,-9.7631,0.0006,-81.845832649657,ok
COc1ccc(OC)c(Cn2c(=O)c3c(=O)c4[nH]cc[nH]c4c(=O)c3c2=O)c1,O=c1c2[nH]cc[nH]c2c(=O)c2c(=O)n(Cc3ccccc3)c(=O)c12,"1,4-benzoquinone",sp,5.4301,4.2889,-4.8595,0.5706,20.6929,-9.7624,-9.7619,0.0006,-81.844956776371,ok
CN(C)CCCNc1nnc(NCCCN(C)C)c2c1C(=O)c1ccccc1C2=O,O=C1c2ccccc2C(=O)c2cnncc21,"1,4-benzoquinone",sp,5.0842,4.0077,-4.5459,0.5383,19.1971,-9.5331,-9.3722,0.161,-88.400098782214,ok
O=C1c2ccccc2C(=O)c2c(NCCN3CCCCC3)nnc(NCCN3CCCCC3)c21,O=C1c2ccccc2C(=O)c2c(NCCN3CCCCC3)nnc(NCCN3CCCCC3)c21,"1,4-benzoquinone",sp,4.9801,3.8548,-4.4175,0.5627,17.341,-9.3865,-9.2328,0.1537,-99.025753329559,ok
CCN(CC)c1ccc(N2C(=O)NC3(CSC4=C3C(=O)c3ncccc3C4=O)C2=O)cc1,O=C1C2=C(C(=O)c3ncccc31)C1(CS2)NC(=O)N(c2ccccc2)C1=O,"1,4-benzoquinone",sp,5.4068,4.2524,-4.8296,0.5772,20.2053,-9.7136,-9.5912,0.1224,-91.047475731179,ok
Cc1csc(-c2cccc(Cn3c(=O)c4c(=O)c5[nH]cc[nH]c5c(=O)c4c3=O)c2)c1,O=c1c2[nH]cc[nH]c2c(=O)c2c(=O)n(Cc3cccc(-c4cccs4)c3)c(=O)c12,"1,4-benzoquinone",sp,5.4127,4.2992,-4.8559,0.5568,21.1767,-9.7647,-9.764,0.0008,-83.378419890948,ok
CN(C)CCN(C)C(=O)c1cc2c(s1)C(=O)c1sc(C(=O)N(C)CCN(C)C)cc1C2=O,O=C1c2ccsc2C(=O)c2sccc21,"1,4-benzoquinone",sp,5.3735,4.1816,-4.7775,0.5959,19.1501,-9.7563,-9.5384,0.218,-96.193650527107,ok
NCCCNCCCCNCCCNCc1ccc(OC2=CC(=O)c3ccccc3C2=O)cc1,O=C1C=C(Oc2ccccc2)C(=O)c2ccccc21,"1,4-benzoquinone",sp,5.0167,3.8562,-4.4364,0.5803,16.96,-9.4522,-9.3005,0.1518,-100.33216093115,ok
Cc1c(=O)c(=O)c2c3c[nH]c4c(C)c(=O)c(=O)c(c5c[nH]c1c52)c43,O=c1cc2[nH]cc3c4c(=O)c(=O)cc5[nH]cc(c(c1=O)c23)c54,"1,2-benzoquinone",sp,5.344,4.2223,-4.7832,0.5609,20.3963,-9.7398,-9.5228,0.217,-66.05586880459,ok
Cc1c(-c2c(C)c(=O)c3c(C(C)C)c(=O)c(=O)cc-3c2=O)c(O)c2cc(O)c(O)c(C(C)C)c2c1O,O=c1cc(-c2ccc3ccccc3c2)c(=O)c2cc(=O)c(=O)cc1-2,"1,2-benzoquinone",sp,5.5033,4.543,-5.0232,0.4802,26.2752,-9.9595,-9.8657,0.0938,-106.06726026023,ok
Cc1c(-c2c(C)c(=O)c3c(CC(C)C)c(=O)c(=O)cc-3c2=O)c(O)c2cc(O)c(O)c(CC(C)C)c2c1O,O=c1cc(-c2ccc3ccccc3c2)c(=O)c2cc(=O)c(=O)cc1-2,"1,2-benzoquinone",sp,5.4454,4.5116,-4.9785,0.4669,26.5426,-9.9082,-9.8193,0.0889,-112.401368062052,ok
CN(C)c1ccc2[nH]c3c(C(=O)O)cc(=O)c(=O)c=3oc2c1,O=c1ccc2[nH]c3ccccc3oc=2c1=O,"1,2-benzoquinone",sp,5.2136,4.1072,-4.6604,0.5532,19.6306,-9.5764,-9.4462,0.1302,-64.74384913368,ok
COC(=O)c1cc(=O)c(=O)c2oc3cc(N(C)C)ccc3[nH]c1=2,O=c1ccc2[nH]c3ccccc3oc=2c1=O,"1,2-benzoquinone",sp,5.2112,4.0959,-4.6536,0.5576,19.4168,-9.5718,-9.4356,0.1362,-67.901869316408,ok
CCCCCCOC(=O)c1cc(=O)c(=O)c2oc3cc(N(C)C)ccc3[nH]c1=2,O=c1ccc2[nH]c3ccccc3oc=2c1=O,"1,2-benzoquinone",sp,5.2104,4.089,-4.6497,0.5607,19.2792,-9.57,-9.4307,0.1393,-83.723319165794,ok
CCOC(=O)c1cc(=O)c(=O)c2oc3cc(N(C)C)ccc3[nH]c1=2,O=c1ccc2[nH]c3ccccc3oc=2c1=O,"1,2-benzoquinone",sp,5.2125,4.0902,-4.6514,0.5612,19.2774,-9.5713,-9.4325,0.1388,-71.069801572177,ok
CC(C)OC(=O)c1cc(=O)c(=O)c2oc3cc(N(C)C)ccc3[nH]c1=2,O=c1ccc2[nH]c3ccccc3oc=2c1=O,"1,2-benzoquinone",sp,5.2107,4.0856,-4.6482,0.5625,19.203,-9.569,-9.4294,0.1395,-74.239251927873,ok
COCCOC(=O)c1cc(=O)c(=O)c2oc3cc(N(C)C)ccc3[nH]c1=2,O=c1ccc2[nH]c3ccccc3oc=2c1=O,"1,2-benzoquinone",sp,5.2326,4.1238,-4.6782,0.5544,19.7381,-9.5956,-9.4611,0.1345,-78.286974008406,ok
CCCN(CCC)c1ccc2[nH]c3c(C(=O)OC)cc(=O)c(=O)c=3oc2c1,O=c1ccc2[nH]c3ccccc3oc=2c1=O,"1,2-benzoquinone",sp,5.1811,4.0599,-4.6205,0.5606,19.0412,-9.5382,-9.3984,0.1398,-80.563252635157,ok
CN(C)c1ccc2[nH]c3c(C(=O)OCc4ccccc4)cc(=O)c(=O)c=3oc2c1,O=C(OCc1ccccc1)c1cc(=O)c(=O)c2oc3ccccc3[nH]c1=2,"1,2-benzoquinone",sp,5.2165,4.1084,-4.6624,0.5541,19.6178,-9.579,-9.4446,0.1344,-82.78205168301,ok
CCCCOC(=O)c1cc(=O)c(=O)c2oc3cc(N(CCC)CCC)ccc3[nH]c1=2,O=c1ccc2[nH]c3ccccc3oc=2c1=O,"1,2-benzoquinone",sp,5.2009,4.0582,-4.6296,0.5713,18.7562,-9.5539,-9.4042,0.1497,-90.055419743096,ok
Cc1c(-c2c(C)c(=O)c3c(C(C)C)c(=O)c(=O)c(C=O)c-3c2=O)c(O)c2c(C=O)c(O)c(O)c(C(C)C)c2c1O,O=c1cc(-c2ccc3ccccc3c2)c(=O)c2cc(=O)c(=O)cc1-2,"1,2-benzoquinone",sp,5.7551,4.8523,-5.3037,0.4514,31.1578,-10.2256,-10.1343,0.0913,-118.446855918545,ok
CC1=C(O)C2C(C(C)C)=C(O)C(O)=CC2C(O)=C1c1c(C)c(=O)c2c(C(C)C)c(=O)c(=O)cc-2c1=O,O=c1cc(C2=CC3C=CC=CC3C=C2)c(=O)c2cc(=O)c(=O)cc1-2,"1,2-benzoquinone",sp,5.3874,4.4748,-4.9311,0.4563,26.6445,-9.8806,-9.7896,0.091,-107.032732477908,ok
Cc1cc(-c2c(O)c3c(=O)ccc(=O)c=3c(=O)c2=O)c2c(O)c3c(O)c4c(c(O)c3c(O)c2c1)C=CC(C)(C)O4,O=c1ccc(=O)c2c(=O)c(=O)c(-c3cccc4cc5cc6c(cc5cc34)OCC=C6)cc1=2,"1,2-benzoquinone",sp,5.2855,4.5838,-4.9346,0.3508,34.7025,-9.805,-9.7639,0.0411,-115.439854440923,ok
N#CC(=CC1=CC(=O)C(=O)C([N+](=O)[O-])=C1)C1=CNC=CN1O,O=C1C=CC(C=CC2=CNC=CN2)=CC1=O,"1,2-benzoquinone",sp,5.1118,4.1405,-4.6261,0.4856,22.0336,-9.5006,-9.4247,0.076,-64.000876653926,ok
CCc1c(O)c(O)c2c(O)c(O)c(-c3c(O)c4c(O)c(CC)c(=O)c(=O)c=4c(=O)c3=O)c(O)c2c1O,O=c1ccc2cc(-c3ccc4ccccc4c3)c(=O)c(=O)c=2c1=O,"1,2-benzoquinone",sp,5.5694,4.718,-5.1437,0.4257,31.0755,-10.0669,-9.9243,0.1426,-109.73156689939,ok
Cc1c(C)c(C)c(C)c(C)c1C,c1ccccc1,"1,2-benzoquinone",sp,5.5619,-0.0974,-2.7322,2.8296,1.3191,-9.8011,-5.5434,4.2577,-35.057562259738,ok
COc1c(O)cc2c(O)c(-c3c(C)c(=O)c4c(C(C)C)c(=O)c(=O)cc-4c3=O)c(C)c(O)c2c1C(C)C,O=c1cc(-c2ccc3ccccc3c2)c(=O)c2cc(=O)c(=O)cc1-2,"1,2-benzoquinone",sp,5.6228,4.6449,-5.1338,0.4889,26.9521,-10.1028,-9.9769,0.126,-109.208001160658,ok
O=c1ccc2c(=O)c3ccc(-c4ccc5c(O)c6ccc(O)c(O)c6c(O)c5c4)cc3c(=O)c=2c1=O,O=c1ccc2c(=O)c3ccc(-c4ccc5cc6ccccc6cc5c4)cc3c(=O)c=2c1=O,"1,2-benzoquinone",sp,5.2872,4.573,-4.9301,0.3571,34.0323,-9.8146,-9.7471,0.0676,-99.954491141523,ok
O=C1C=c2cc3cc4cc5ccccc5cc4cc3cc2=CC1=O,O=C1C=c2cc3cc4cc5ccccc5cc4cc3cc2=CC1=O,"1,2-benzoquinone",sp,5.2989,4.3529,-4.8259,0.473,24.6187,-9.7438,-9.6607,0.0831,-61.609292985322,ok
Nc1ccc2c3cccc4cccc(c5c(=O)c(=O)c(N)c1c25)c43,O=c1cc2cccc3c4cccc5cccc(c(c1=O)c23)c54,"1,2-benzoquinone",sp,4.9912,3.8473,-4.4192,0.5719,17.073,-9.4106,-9.2855,0.1251,-63.215980404554,ok
CN1CCN(c2ccc3[nH]c(C4=C(O)c5nc(CO)n(C)c5C(=O)C4=O)nc3n2)CC1,O=C1C(=O)c2[nH]cnc2C=C1c1nc2nc(N3CCNCC3)ccc2[nH]1,"1,2-benzoquinone",sp,5.2014,4.0727,-4.6371,0.5643,19.0504,-9.6479,-9.5107,0.1371,-90.671296922653,ok
CN1CCN(c2ccc3[nH]c(C4=C(O)c5nc(CCl)n(C)c5C(=O)C4=O)nc3n2)CC1,O=C1C(=O)c2[nH]cnc2C=C1c1nc2nc(N3CCNCC3)ccc2[nH]1,"1,2-benzoquinone",sp,5.1094,3.9757,-4.5426,0.5669,18.2013,-9.555,-9.3955,0.1594,-90.633593096462,ok
O=C1C=C(C(O)=C2C=CC=C(F)N2O)C=C([N+](=O)[O-])C1=O,O=C1C=CC(C=C2C=CC=CN2)=CC1=O,"1,2-benzoquinone",sp,5.6243,4.5225,-5.0734,0.5509,23.3612,-9.9581,-9.8511,0.107,-64.351031061226,ok
O=C1C=C(C2=COC(=C3C=CC=C(F)N3O)N2)C=C([N+](=O)[O-])C1=O,O=C1C=CC(C2=COC(=C3C=CC=CN3)N2)=CC1=O,"1,2-benzoquinone",sp,5.2044,4.2597,-4.732,0.4724,23.7031,-9.6282,-9.5062,0.1221,-72.078114474177,ok
O=C1C=C(C2=NC(=C3C=CN(O)C(F)=C3)ON2)C=C([N+](=O)[O-])C1=O,O=C1C=CC(C2=NC(=C3C=CNC=C3)ON2)=CC1=O,"1,2-benzoquinone",sp,5.4306,4.3808,-4.9057,0.5249,22.9243,-9.8491,-9.6319,0.2172,-72.325083440163,ok
O=C1C=C(C(O)=C2C=CN(O)C(F)=C2)C=C([N+](=O)[O-])C1=O,O=C1C=CC(C=C2C=CNC=C2)=CC1=O,"1,2-benzoquinone",sp,5.5774,4.5145,-5.0459,0.5314,23.9549,-9.9266,-9.8308,0.0959,-64.357997368264,ok
O=C1C=C(C2=CC(=C3C=CC=C(F)N3O)ON2)C=C([N+](=O)[O-])C1=O,O=C1C=CC(C2=CC(=C3C=CC=CN3)ON2)=CC1=O,"1,2-benzoquinone",sp,5.2444,4.2307,-4.7375,0.5069,22.141,-9.6715,-9.4753,0.1962,-72.02885170792,ok
O=C1C=C(C2=NC(=C3C=CC=C(F)N3O)ON2)C=C([N+](=O)[O-])C1=O,O=C1C=CC(C2=NC(=C3C=CC=CN3)ON2)=CC1=O,"1,2-benzoquinone",sp,5.5333,4.5183,-5.0258,0.5075,24.8854,-9.9489,-9.7736,0.1753,-72.323791052953,ok
O=C1C=C(C2=NC(=C3C=CC=C(F)N3O)NN=C2)C=C([N+](=O)[O-])C1=O,O=C1C=CC(C2=NC(=C3C=CC=CN3)NN=C2)=CC1=O,"1,2-benzoquinone",sp,5.2859,4.2991,-4.7925,0.4934,23.2753,-9.7103,-9.5493,0.161,-73.831204219885,ok
O=C1C=C(C2=COC(=C3C=CN(O)C(F)=C3)N2)C=C([N+](=O)[O-])C1=O,O=C1C=CC(C2=COC(=C3C=CNC=C3)N2)=CC1=O,"1,2-benzoquinone",sp,5.0982,4.1841,-4.6411,0.4571,23.5645,-9.5326,-9.4214,0.1112,-72.086091136531,ok
O=C1C=C(C2=CC(=C3C=CN(O)C(F)=C3)ON2)C=C([N+](=O)[O-])C1=O,O=C1C=CC(C2=CC(=C3C=CNC=C3)ON2)=CC1=O,"1,2-benzoquinone",sp,5.2017,4.2062,-4.7039,0.4977,22.2272,-9.6376,-9.442,0.1956,-72.036142504166,ok
O=C1C=C(C2=NC(=C3C=CN(O)C(F)=C3)NN=C2)C=C([N+](=O)[O-])C1=O,O=C1C=CC(C2=NC(=C3C=CNC=C3)NN=C2)=CC1=O,"1,2-benzoquinone",sp,5.2613,4.2848,-4.773,0.4883,23.3303,-9.6875,-9.5274,0.1601,-73.83546404783,ok
O=C1C=C(C2=CSC(=C3C=CN(O)C(F)=C3)N2)C=C([N+](=O)[O-])C1=O,O=C1C=CC(C2=CSC(=C3C=CNC=C3)N2)=CC1=O,"1,2-benzoquinone",sp,4.9885,4.1642,-4.5763,0.4122,25.407,-9.4658,-9.3655,0.1003,-71.262213585897,ok
O=C1C=C(C2=CSC(=C3C=CC=C(F)N3O)N2)C=C([N+](=O)[O-])C1=O,O=C1C=CC(C2=CSC(=C3C=CC=CN3)N2)=CC1=O,"1,2-benzoquinone",sp,5.0964,4.2536,-4.675,0.4214,25.9322,-9.5682,-9.461,0.1071,-71.25199553776,ok
O=C1C=c2cc3cc4cc5ccccc5cc4cc3cc2=C(F)C1=O,O=C1C=c2cc3cc4cc5ccccc5cc4cc3cc2=CC1=O,"1,2-benzoquinone",sp,5.4446,4.5382,-4.9914,0.4532,27.4868,-9.8886,-9.8263,0.0622,-65.840197853037,ok
Cn1sc2ccc(=O)c(=O)c=2c(O)c1C(=O)c1ccc(Cl)c(C(F)(F)F)c1,O=C(c1ccccc1)c1cc2c(=O)c(=O)ccc=2s[nH]1,"1,2-benzoquinone",sp,5.4431,4.2783,-4.8607,0.5824,20.2837,-9.768,-9.65,0.118,-82.445794570923,ok
N#CC1=C(O)C(c2ccc3ncc(-c4cc(F)cc(F)c4)c(N4CCC(N)CC4)c3c2)=CC(=O)C1=O,O=C1C=CC(c2ccc3ncc(-c4ccccc4)c(N4CCCCC4)c3c2)=CC1=O,"1,2-benzoquinone",sp,5.4899,4.4371,-4.9635,0.5264,23.4008,-9.9304,-9.8185,0.1118,-101.645390424919,ok
O=C1C=C(F)c2c(n(Cc3ccc(F)c(C(=O)N4CCN(c5ccccn5)CC4)c3)c(=O)[nH]c2=O)C1=O,O=C1C=Cc2c(n(Cc3cccc(C(=O)N4CCN(c5ccccn5)CC4)c3)c(=O)[nH]c2=O)C1=O,"1,2-benzoquinone",sp,5.773,4.6557,-5.2143,0.5586,24.335,-10.1934,-10.0788,0.1146,-108.031839172228,ok
CC(C)(C)NC(=O)c1ccc(Cn2ccc3cc(NC(=O)C4=CC=C(F)C(=O)C4=O)ccc32)cc1,O=C1C=CC=C(C(=O)Nc2ccc3c(ccn3Cc3ccccc3)c2)C1=O,"1,2-benzoquinone",sp,5.7459,4.6772,-5.2115,0.5343,25.4143,-10.1997,-10.0675,0.1323,-100.181872289973,ok
CCSc1c(N2CCNCC2)c(F)cc2cc(C(=O)C=CC3=CC(=O)C(=O)C=C3)c[n+]([O-])c12,O=C1C=CC(C=CC(=O)c2c[nH+]c3cc(N4CCNCC4)ccc3c2)=CC1=O,"1,2-benzoquinone",sp,5.3081,4.2228,-4.7654,0.5426,20.9246,-9.7988,-9.652,0.1469,-95.80452411072,ok
CCn1cc(C(=O)C=CC2=CC(=O)C(=O)C=C2)c(=O)c2cc(F)c(N3CCN(C)CC3)nc21,O=C1C=CC(C=CC(=O)c2c[nH]c3nc(N4CCNCC4)ccc3c2=O)=CC1=O,"1,2-benzoquinone",sp,5.4076,4.2608,-4.8342,0.5734,20.378,-9.7762,-9.6562,0.12,-96.118781295663,ok
CC(C)Oc1c(N2CCNCC2)c(F)cc2cc(C(=O)C=CC3=CC(=O)C(=O)C=C3)c[n+]([O-])c12,O=C1C=CC(C=CC(=O)c2c[nH+]c3cc(N4CCNCC4)ccc3c2)=CC1=O,"1,2-benzoquinone",sp,5.4315,4.354,-4.8927,0.5387,22.2172,-9.9042,-9.7632,0.141,-99.819816823986,ok
CCN1CC(C(=O)C=CC2=CC(=O)C(=O)C=C2)=Cc2cc(F)c(N3CCN(C)CC3)cc21,O=C1C=CC(C=CC(=O)C2=Cc3ccc(N4CCNCC4)cc3NC2)=CC1=O,"1,2-benzoquinone",sp,5.0221,4.1805,-4.6013,0.4208,25.1568,-9.5927,-9.4644,0.1284,-92.757361707072,ok
CN(C)c1ccc(C(=CC2=C(Cl)C(=O)C(=O)c3ccccc32)c2ccc(N(C)C)cc2)cc1,O=C1C=C(C=C(c2ccccc2)c2ccccc2)c2ccccc2C1=O,"1,2-benzoquinone",sp,4.9001,3.9168,-4.4085,0.4917,19.7645,-9.4331,-9.2802,0.1529,-91.508632699022,ok
COc1ccc(-n2c3c(Cl)c(Cl)c(=O)c(=O)c=3[nH]c3ccc(OC)cc32)cc1,O=c1ccc2n(-c3ccccc3)c3ccccc3[nH]c=2c1=O,"1,2-benzoquinone",sp,5.1123,4.0664,-4.5893,0.523,20.1378,-9.4996,-9.4259,0.0738,-81.489708483121,ok
O=c1c(=O)c2c(=O)c(=O)c3c(=O)c(=O)c4ccc5ccc6ccc1c1c6c5c4c3c21,O=c1c(=O)c2c(=O)c(=O)c3c(=O)c(=O)c4ccc5ccc6ccc1c1c6c5c4c3c21,"1,2-benzoquinone",sp,6.6466,5.4736,-6.0601,0.5865,31.3085,-11.0394,-10.8003,0.2391,-79.172750062345,ok
Cc1[nH]c2c(C)cccc2c1CCNC(=O)c1ccc2c(c1[N+](=O)[O-])C(=O)c1ccccc1C2=O,O=C(NCCc1c[nH]c2ccccc12)c1ccc2c(c1)C(=O)c1ccccc1C2=O,"1,4-naphthoquinone",sp,5.2958,4.1519,-4.7239,0.5719,19.5076,-9.5833,-9.4288,0.1545,-97.901421813357,ok
O=C1C=Cc2c(c3cc4cc5cc6ccccc6cc5cc4cc3c3ccccc23)C1=O,O=C1C=Cc2c(c3cc4cc5cc6ccccc6cc5cc4cc3c3ccccc23)C1=O,"1,2-naphthoquinone",sp,5.0889,3.9647,-4.5268,0.5621,18.228,-9.5424,-9.3537,0.1886,-80.821075568583,ok
CN(C)c1ccc(Nc2ccc(O)c3ccc4c(c23)C(=O)C(=O)C=C4)cc1,O=C1C=Cc2ccc3cccc(Nc4ccccc4)c3c2C1=O,"1,2-naphthoquinone",sp,4.8518,3.7296,-4.2907,0.5611,16.4054,-9.291,-9.1012,0.1898,-74.614673007272,ok
CN(C)CCCOC1C(C(O)CO)OC2OC(C)(C)OC21,C1CC2OCOC2O1,"1,2-naphthoquinone",sp,5.679,-3.3416,-1.1687,4.5103,0.1514,-9.4851,-2.1412,7.3439,-71.152246564302,ok
CC1CCC2(OC1)OC1CC3C4CCC5CC(O)CCC5(C)C4=CCC3(C)C1C2C,C1=C2C3CCCCC3CCC2C2CC3OC4(CCCCO4)CC3C2C1,"1,2-naphthoquinone",sp,5.7337,-1.0386,-2.3476,3.3861,0.8138,-9.9434,-5.1823,4.7612,-91.681041151245,ok
CC(C)=CCCC(C)C1CCC2(C)C3=C(CCC12C)C1(C)CCC(O)C(C)(C)C1CC3,C1CCC2C3=C(CCC2C1)C1CCCC1CC3,"1,2-naphthoquinone",sp,5.4096,-0.3693,-2.5202,2.8895,1.099,-9.7108,-5.1639,4.5468,-94.017363177336,ok
CN(C)C(C)(C)C(=O)C1=CC(=O)C(=O)c2c1ccc1ccc(C(=O)C(C)(C)N(C)C)cc21,O=C1C=Cc2ccc3ccccc3c2C1=O,"1,2-naphthoquinone",sp,5.2726,4.1168,-4.6947,0.5779,19.0692,-9.7014,-9.5139,0.1875,-93.35267931721,ok
CC(C)(C(=O)C1=CC(=O)C(=O)c2c1ccc1ccc(C(=O)C(C)(C)N3CCOCC3)cc21)N1CCOCC1,O=C1C=C(C(=O)CN2CCOCC2)c2ccc3ccc(C(=O)CN4CCOCC4)cc3c2C1=O,"1,2-naphthoquinone",sp,5.3305,4.1563,-4.7434,0.5871,19.1618,-9.7239,-9.5638,0.1602,-112.104645923227,ok
CC(C)(C(=O)C1=CC(=O)C(=O)c2c1ccc1ccc(C(=O)C(C)(C)N3CCCCC3)cc21)N1CCCCC1,O=C1C=C(C(=O)CN2CCCCC2)c2ccc3ccc(C(=O)CN4CCCCC4)cc3c2C1=O,"1,2-naphthoquinone",sp,5.1525,4.0732,-4.6128,0.5396,19.715,-9.5981,-9.4184,0.1797,-110.324303013635,ok
CN(C)c1ccc(NC(=O)N2CCC3(CC2)CSC2=C(O3)c3ccccc3C(=O)C2=O)cc1,O=C1C(=O)c2ccccc2C2=C1SCC1(CCN(C(=O)Nc3ccccc3)CC1)O2,"1,2-naphthoquinone",sp,4.9592,3.8148,-4.387,0.5722,16.8173,-9.3489,-9.2228,0.1261,-94.926910898717,ok
CN1CCN(c2ccc(NC(=O)c3cc(O)c4c(c3)C(=O)c3cccc(O)c3C4=O)cc2)CC1,O=C(Nc1ccc(N2CCNCC2)cc1)c1ccc2c(c1)C(=O)c1ccccc1C2=O,anthraquinone,sp,4.9726,3.8363,-4.4044,0.5681,17.0722,-9.3581,-9.1733,0.1848,-96.876093346831,ok
O=c1c2ccccc2c(=O)c2c1ccc1nc3c(ccc4c(=O)c5c(O)cccc5c(=O)c43)nc12,O=c1c2ccccc2c(=O)c2c1ccc1nc3c(ccc4c(=O)c5ccccc5c(=O)c43)nc12,anthraquinone,sp,5.8528,4.664,-5.2584,0.5944,23.2594,-10.077,-9.9148,0.1623,-92.598746607365,ok
