smiles,scaffold,core,mode,e_total,homo,lumo,gap,dipole,status
O=C1C=CC(=O)c2ccccc21,O=C1C=CC(=O)c2ccccc21,"1,4-benzoquinone",sp,-32.560038239865,-11.0319,-9.4291,1.6027,0.96,ok
Cc1cc(O)c2c(c1)C(=O)c1cccc(O)c1C2=O,O=C1c2ccccc2C(=O)c2ccccc21,"1,4-benzoquinone",sp,-53.514087148928,-10.8767,-9.0604,1.8162,0.098,ok
CC1=CC(=O)c2ccccc2C1=O,O=C1C=CC(=O)c2ccccc21,"1,4-benzoquinone",sp,-35.734243134906,-10.9292,-9.2573,1.6719,,ok
COC12C(COC(N)=O)C3=C(C(=O)C(C)=C(N)C3=O)N1CC1NC12,O=C1C=CC(=O)C2=C1CC1C3NC3CN21,"1,4-benzoquinone",sp,-73.245695307878,-10.1538,-9.0129,1.141,,ok
COC1=C(N)C(=O)c2nc(-c3nc(C(=O)O)c(C)c(-c4ccc(OC)c(OC)c4O)c3N)ccc2C1=O,O=C1C=CC(=O)c2nc(-c3cc(-c4ccccc4)ccn3)ccc21,"1,4-benzoquinone",sp,-108.997944188762,-10.2471,-9.3136,0.9335,,ok
COC1=C(C)C(=O)C2=C(C1=O)C(COC(N)=O)C1(OC)C3NC3CN21,O=C1C=CC(=O)C2=C1CC1C3NC3CN21,"1,4-benzoquinone",sp,-77.121384573762,-10.5901,-9.5058,1.0842,,ok
O=C1c2ccccc2C(=O)c2ccccc21,O=C1c2ccccc2C(=O)c2ccccc21,"1,4-benzoquinone",sp,-42.171881405026,-10.8671,-9.0153,1.8518,,ok
CC(=CCC1=C(C)C(=O)c2ccccc2C1=O)CCCC(C)CCCC(C)CCCC(C)C,O=C1C=CC(=O)c2ccccc21,"1,4-benzoquinone",sp,-97.970682110798,-10.2436,-9.1249,1.1187,5.346,ok
O=C1C(Cl)=C(Cl)C(=O)C(Cl)=C1Cl,O=C1C=CC(=O)C=C1,"1,4-benzoquinone",sp,-39.121448824682,-11.771,-10.4829,1.2881,7.688,ok
COc1cccc2c1C(=O)c1c(O)c3c(c(O)c1C2=O)CC(O)(C(=O)CO)CC3OC1CC(N)C(O)C(C)O1,O=C1c2ccccc2C(=O)c2cc3c(cc21)CCCC3OC1CCCCO1,"1,4-benzoquinone",sp,-120.310413403124,-10.0914,-9.078,1.0134,,ok
COC1=C(OC)C(=O)C(CCCCCCCCCCO)=C(C)C1=O,O=C1C=CC(=O)C=C1,"1,4-benzoquinone",sp,-76.280498969918,-11.0314,-9.6549,1.3765,2.124,ok
Cc1cc(O)c2c(c1)C(=O)c1cc(O)cc(O)c1C2=O,O=C1c2ccccc2C(=O)c2ccccc21,"1,4-benzoquinone",sp,-57.596272249936,-10.9057,-9.0097,1.896,,ok
CC1=CC(=O)C(C(C)C)=CC1=O,O=C1C=CC(=O)C=C1,"1,4-benzoquinone",sp,-35.624420190284,-10.9584,-9.5089,1.4495,,ok
O=C1c2ccccc2C(=O)c2c1ccc(O)c2O,O=C1c2ccccc2C(=O)c2ccccc21,"1,4-benzoquinone",sp,-50.337354377018,-10.8385,-9.0324,1.8061,,ok
O=C(O)c1cc(O)c2c(c1)C(=O)c1cccc(O)c1C2=O,O=C1c2ccccc2C(=O)c2ccccc21,"1,4-benzoquinone",sp,-60.638402218307,-11.0795,-9.3539,1.7256,5.396,ok
O=C1c2cccc(O)c2C(=O)c2c(O)cccc21,O=C1c2ccccc2C(=O)c2ccccc21,"1,4-benzoquinone",sp,-50.340895217495,-10.9223,-9.1347,1.7877,1.327,ok
O=C1c2c(O)ccc(O)c2C(=O)c2c(NCCNCCO)ccc(NCCNCCO)c21,O=C1c2ccccc2C(=O)c2ccccc21,"1,4-benzoquinone",sp,-97.504303231384,-9.6223,-8.8127,0.8096,0.12,ok
NC1=C(Cl)C(=O)c2ccccc2C1=O,O=C1C=CC(=O)c2ccccc21,"1,4-benzoquinone",sp,-40.060589094952,-10.7518,-9.2558,1.496,,ok
COc1cccc2c1C(=O)c1c(O)c3c(c(O)c1C2=O)CC(O)(C(C)=O)CC3OC1CC(N)C(O)C(C)O1,O=C1c2ccccc2C(=O)c2cc3c(cc21)CCCC3OC1CCCCO1,"1,4-benzoquinone",sp,-116.251643305007,-10.0986,-9.0401,1.0584,,ok
CC(C)=CCCC(C)=CCCC(C)=CCCC(C)=CCC1=C(C)C(=O)c2ccccc2C1=O,O=C1C=CC(=O)c2ccccc21,"1,4-benzoquinone",sp,-94.82715570459,-9.8844,-9.126,0.7584,,ok
